"threshold","sensitivity","specificity","accuracy"
0.246707581,0.881578947368421,0.730769230769231,0.843137254901961
